INSERT INTO `users` (`id`, `name`, `email`, `email_verified_at`, `password`, `is_admin`, `remember_token`, `created_at`, `updated_at`) VALUES
(1, 'User 1', 'user1@assetlog.jaapps.com', NULL, '$2y$10$FWs/sSNvtrdNW/AV.Jfe0.e7hFtvW.WYul4fawpWjAfoV6j9nFKdK', 0, NULL, '2021-09-16 04:22:29', '2021-09-16 04:22:29'),
(2, 'Admin', 'admin@assetlog.jaapps.com', NULL, '$2y$10$bPH0/MmYPEpnJoCpHSx9CeYpQdABvdCJVhRIYUjreTi8v2G12izRy', 1, NULL, '2021-09-16 04:22:29', '2021-09-16 04:22:29'),
(3, 'William Odiomonafe', 'kamal.misc@gmail.com', NULL, '$2y$10$DweYmjdrvaIX28.wZiGTLOOjuwqLc9m7pxwwjlVMsrn3SeLvQ9e6y', 0, NULL, '2021-09-16 04:25:17', '2021-09-16 04:25:17');


INSERT INTO `platforms` (`id`, `name`, `created_at`, `updated_at`) VALUES
(1, 'Binance', '2021-09-16 04:22:29', '2021-09-16 04:22:29'),
(2, 'Trove', '2021-09-16 04:22:29', '2021-09-16 04:22:29');


INSERT INTO `external_apis` (`id`, `organization`, `host`, `api_key`, `meta`, `active`, `created_at`, `updated_at`) VALUES
(1, 'Binance', 'https://api3.binance.com/api/v3', NULL, '{\"tags\":\"cryptocurrency\"}', 1, '2021-09-16 04:22:29', '2021-09-16 04:22:29'),
(2, 'YahooFinance', 'https://apidojo-yahoo-finance-v1.p.rapidapi.com/stock/v2', NULL, '{\"tags\":\"stock\",\"ticker_format\":\"https:\\/\\/apidojo-yahoo-finance-v1.p.rapidapi.com\\/stock\\/v2\\/get-summary?symbol=symbol_pair&region=US\",\"headers\":{\"x-rapidapi-key\":\"1b7e88d308mshd70d50cd922d241p11e98fjsn15c57e365314\",\"x-rapidapi-host\":\"apidojo-yahoo-finance-v1.p.rapidapi.com\"}}', 1, '2021-09-16 04:22:29', '2021-09-16 04:22:29');



INSERT INTO `asset_types` (`id`, `name`, `external_api_id`, `created_at`, `updated_at`) VALUES
(1, 'Cryptocurrency', 1, '2021-09-16 04:22:29', '2021-09-16 04:22:29'),
(2, 'Stock', 2, '2021-09-16 04:22:29', '2021-09-16 04:22:29');


INSERT INTO `assets` (`id`, `name`, `symbol`, `asset_type_id`, `created_at`, `updated_at`) VALUES
(1, 'Bitcoin', 'BTC', 1, '2021-09-16 04:22:29', '2021-09-16 04:22:29'),
(2, 'Ethereum', 'ETH', 1, '2021-09-16 04:22:29', '2021-09-16 04:22:29'),
(3, 'Dogecoin', 'DOGE', 1, '2021-09-16 04:22:29', '2021-09-16 04:22:29'),
(4, 'Shiba Inu', 'SHIB', 1, '2021-09-16 04:24:27', '2021-09-16 04:24:27'),
(5, 'Wink', 'WIN', 1, '2021-09-16 04:24:48', '2021-09-16 04:24:48');


INSERT INTO `asset_logs` (`id`, `user_id`, `platform_id`, `asset_id`, `quantity_bought`, `initial_value`, `current_value`, `profit_loss`, `24_hr_change`, `status`, `date_bought`, `roi`, `daily_roi`, `current_price`, `last_updated_at`, `profit_loss_naira`, `is_sold`, `created_at`, `updated_at`) VALUES
(1, 3, 1, 3, 370.00000000, 93.06, 88.99, -4.08, 2.9100, 1, '2021-09-07 00:00:00', 87.9850, 88.6517, 0.24050000, '2021-09-17 20:53:38', -2040.00, 0, '2021-09-16 04:28:14', '2021-09-18 00:53:38'),
(2, 3, 1, 3, 152.00000000, 36.34, 36.56, 0.22, 2.9100, 1, '2021-09-11 00:00:00', 35.5560, 36.2227, 0.24050000, '2021-09-17 20:53:38', 110.00, 0, '2021-09-16 04:28:48', '2021-09-18 00:53:38'),
(3, 3, 1, 1, 0.01001000, 461.89, 471.89, 10.00, 0.2020, 1, '2021-09-08 00:00:00', 470.8859, 471.5526, 47141.45000000, '2021-09-17 20:53:38', 5000.00, 0, '2021-09-16 04:34:22', '2021-09-18 00:53:38'),
(4, 3, 1, 2, 0.06880000, 232.57, 232.99, 0.42, -2.9050, 1, '2021-09-08 00:00:00', 231.9878, 232.6544, 3386.45000000, '2021-09-17 20:53:38', 210.00, 0, '2021-09-16 04:36:53', '2021-09-18 00:53:38'),
(5, 3, 1, 2, 0.06880000, 231.03, 232.99, 1.96, -2.9050, 1, '2021-09-08 00:00:00', 231.9878, 232.6544, 3386.45000000, '2021-09-17 20:53:38', 980.00, 0, '2021-09-16 04:37:22', '2021-09-18 00:53:38'),
(6, 3, 1, 5, 146993.00000000, 99.90, 74.07, -25.83, -1.2930, 1, '2021-09-06 00:00:00', 73.0698, 73.7364, 0.00050390, '2021-09-17 20:53:38', -12915.00, 0, '2021-09-16 04:38:56', '2021-09-18 00:53:38'),
(7, 3, 1, 5, 147015.00000000, 99.90, 74.08, -25.82, -1.2930, 1, '2021-09-06 00:00:00', 73.0809, 73.7475, 0.00050390, '2021-09-17 20:53:38', -12910.00, 0, '2021-09-16 04:39:47', '2021-09-18 00:53:38'),
(8, 3, 1, 5, 20053.00000000, 10.87, 10.10, -0.77, -1.2930, 1, '2021-09-08 00:00:00', 9.1047, 9.7714, 0.00050390, '2021-09-17 20:53:38', -385.00, 0, '2021-09-16 04:40:43', '2021-09-18 00:53:38'),
(9, 3, 1, 5, 15350.00000000, 8.32, 7.73, -0.59, -1.2930, 1, '2021-09-08 00:00:00', 6.7349, 7.4015, 0.00050390, '2021-09-17 20:53:38', -295.00, 0, '2021-09-16 04:41:17', '2021-09-18 00:53:38'),
(10, 3, 1, 5, 428189.00000000, 229.85, 215.76, -14.09, -1.2930, 1, '2021-09-08 00:00:00', 214.7644, 215.4311, 0.00050390, '2021-09-17 20:53:38', -7045.00, 0, '2021-09-16 04:42:13', '2021-09-18 00:53:38'),
(11, 3, 1, 4, 5629861.00000000, 36.20, 47.07, 10.87, 6.3530, 1, '2021-09-13 00:00:00', 46.0656, 46.7323, 0.00000836, '2021-09-17 20:53:38', 5435.00, 0, '2021-09-16 04:44:05', '2021-09-18 00:53:38');



INSERT INTO `oauth_access_tokens` (`id`, `user_id`, `client_id`, `name`, `scopes`, `revoked`, `created_at`, `updated_at`, `expires_at`) VALUES
('0ae3154b8f8d6ff7fa2a69c09731d73b516ff0c223dd3d5999bc646440e96ce1763af721cf729c8b', 2, 1, 'user-token', '[]', 0, '2021-09-16 04:24:04', '2021-09-16 04:24:04', '2022-09-16 00:24:04'),
('7d9fb4bea22a6090a3e3bdeac9842c592493e2ee6587286d25c9c0d223658926ab6d1767c5ffa219', 3, 1, 'user-token', '[]', 0, '2021-09-16 04:25:24', '2021-09-16 04:25:24', '2022-09-16 00:25:24');



INSERT INTO `oauth_clients` (`id`, `user_id`, `name`, `secret`, `provider`, `redirect`, `personal_access_client`, `password_client`, `revoked`, `created_at`, `updated_at`) VALUES
(1, NULL, 'Assetlog Personal Access Client', 'Q9QzGU1q60mchB89ZNZIfbHz2udpzNbyepEg6GCV', NULL, 'http://localhost', 1, 0, 0, '2021-09-16 04:22:42', '2021-09-16 04:22:42');


INSERT INTO `oauth_personal_access_clients` (`id`, `client_id`, `created_at`, `updated_at`) VALUES
(1, 1, '2021-09-16 04:22:42', '2021-09-16 04:22:42');


